{"type": "block", "layer": 3, "block": 0, "features": [{"geom": {"triangles": {"v": [-3361.9561927429313, -1089.1518605984747, 0.0, -3595.7999427429313, -387.65186059847474, 0.0, -3610.6475989929313, -725.1518605984747, 0.0, -3395.3624427429313, -120.15186059847474, 0.0, -3265.4483802429313, -12.651860598474741, 0.0, -2578.7608802429313, 113.84813940152526, 0.0, -3324.8370521179313, -1259.6518605984747, 0.0, -2471.1183021179313, -2317.6518605984747, 0.0, -2196.4444739929313, -2388.1518605984747, 0.0, -2151.9015052429313, 280.84813940152526, 0.0, -1591.4171302429313, -2447.6518605984747, 0.0, -1331.5890052429313, -2443.6518605984747, 0.0, -1706.4835364929313, 484.84813940152526, 0.0, -990.1026771179313, -2429.1518605984747, 0.0, 353.5770103820687, -120.15186059847474, 0.0, -633.7667396179313, -2388.1518605984747, 0.0, -366.5167396179313, -2384.1518605984747, 0.0, 947.4676353820687, -858.6518605984747, 0.0, 464.9305260070687, -172.15186059847474, 0.0, 791.5711510070687, -365.15186059847474, 0.0, 862.0965416320687, -320.65186059847474, 0.0, 977.1629478820687, -27.15186059847474, 0.0, 1092.2293541320687, -276.15186059847474, 0.0, 1207.2957603820687, 28.34813940152526, 0.0, 1277.8191978820687, -209.15186059847474, 0.0, 1288.9559166320687, -250.15186059847474, 0.0, 8.377791632068693, -2414.1518605984747, 0.0, 268.2039635070687, -2417.6518605984747, 0.0, 594.8445885070687, -2369.6518605984747, 0.0, 672.7938072570687, -2343.6518605984747, 0.0, 988.2977135070687, -936.6518605984747, 0.0, 791.5711510070687, -2328.6518605984747, 0.0, 1144.1941978820687, -1085.1518605984747, 0.0, 977.1629478820687, -2317.6518605984747, 0.0, 1381.7508385070687, -1430.6518605984747, 0.0, 1077.3816978820687, -2284.1518605984747, 0.0, 1485.6824791320687, -1590.1518605984747, 0.0, 1244.4129478820687, -2236.1518605984747, 0.0, 1582.1883385070687, -1953.6518605984747, 0.0, 1604.4598228820687, -1831.1518605984747, 0.0, 1593.3250572570687, -1742.1518605984747, 0.0, 1459.6981041320687, -2202.6518605984747, 0.0, 1574.7645103820687, -2054.1518605984747, 0.0, 1593.3250572570687, -2135.6518605984747, 0.0, 502.0496666320687, -2414.1518605984747, 0.0, -1454.0792396179313, 703.8481394015253, 0.0, -682.0206458679313, 852.3481394015253, 0.0, -500.1417396179313, 841.3481394015253, 0.0, -1272.2003333679313, 863.3481394015253, 0.0, -1747.3136146179313, -2462.1518605984747, 0.0, -1929.1925208679313, -2458.6518605984747, 0.0, -3013.0440833679313, -1991.1518605984747, 0.0, -3261.7374427429313, -1608.6518605984747, 0.0, -3161.5167396179313, -1909.1518605984747, 0.0, -3094.7042396179313, -1968.6518605984747, 0.0, -2645.5753333679313, -2306.6518605984747, 0.0, -2864.5714271179313, -2362.1518605984747, 0.0, -3566.1065833679313, -966.6518605984747, 0.0, -3610.6475989929313, -1040.6518605984747, 0.0, -3573.5304114929313, -1159.6518605984747, 0.0], "f": [0, 1, 2, 3, 1, 0, 3, 0, 4, 4, 0, 5, 6, 5, 0, 7, 5, 6, 5, 7, 8, 9, 5, 8, 10, 9, 8, 10, 11, 9, 11, 12, 9, 13, 12, 11, 13, 14, 12, 15, 14, 13, 16, 14, 15, 17, 14, 16, 18, 14, 17, 19, 18, 17, 18, 19, 20, 21, 18, 20, 21, 20, 22, 21, 22, 23, 23, 22, 24, 24, 22, 25, 17, 16, 26, 17, 26, 27, 28, 17, 27, 29, 17, 28, 30, 17, 29, 31, 30, 29, 32, 30, 31, 33, 32, 31, 34, 32, 33, 35, 34, 33, 36, 34, 35, 37, 36, 35, 38, 36, 37, 39, 36, 38, 40, 36, 39, 41, 38, 37, 38, 41, 42, 42, 41, 43, 28, 27, 44, 12, 14, 45, 14, 46, 45, 47, 46, 14, 48, 45, 46, 8, 49, 10, 49, 8, 50, 6, 51, 7, 51, 6, 52, 51, 52, 53, 53, 54, 51, 7, 51, 55, 51, 56, 55, 57, 0, 2, 57, 58, 0, 58, 59, 0]}, "centroids": [[-1070.7958282054933, -1008.7815043628216, 0.0]]}, "mtl": 0}], "featureCount": 1, "startIndex": 0}