{"type": "block", "layer": 5, "block": 0, "features": [{"geom": {"triangles": {"v": [-2183.9581458679313, -1653.1518605984747, 0.0, -2191.1143958679313, -1657.1518605984747, 0.0, -2191.6651771179313, -1666.6518605984747, 0.0, -2169.6456458679313, -1757.1518605984747, 0.0, -2150.3780677429313, -1772.6518605984747, 0.0, -2162.4893958679313, -1772.6518605984747, 0.0, -2171.2960364929313, -1606.1518605984747, 0.0, -2182.3058021179313, -1629.6518605984747, 0.0, -2127.2569739929313, -1577.1518605984747, 0.0, -2104.6886146179313, -1804.6518605984747, 0.0, -2145.9737708679313, -1778.1518605984747, 0.0, -2128.3585364929313, -1796.6518605984747, 0.0, -2112.9444739929313, -1804.6518605984747, 0.0, -2119.5499427429313, -1563.6518605984747, 0.0, -2127.2569739929313, -1569.6518605984747, 0.0, -2063.9522864929313, -1807.1518605984747, 0.0, -2093.1280677429313, -1809.1518605984747, 0.0, -2104.1378333679313, -1557.6518605984747, 0.0, -1908.1632239929313, -1762.6518605984747, 0.0, -1976.4249427429313, -1533.1518605984747, 0.0, -1882.2901771179313, -1567.1518605984747, 0.0, -1848.7100989929313, -1694.1518605984747, 0.0, -1874.5831458679313, -1568.6518605984747, 0.0, -1845.4073646179313, -1685.6518605984747, 0.0, -1865.7765052429313, -1575.1518605984747, 0.0, -1838.2511146179313, -1676.6518605984747, 0.0, -1854.2159583679313, -1714.1518605984747, 0.0, -1864.6749427429313, -1735.6518605984747, 0.0, -1883.3917396179313, -1753.1518605984747, 0.0, -1894.4015052429313, -1552.6518605984747, 0.0, -1932.3858802429313, -1531.6518605984747, 0.0, -1910.9151771179313, -1537.1518605984747, 0.0, -1963.2120521179313, -1529.6518605984747, 0.0, -1990.1866614929313, -1525.1518605984747, 0.0, -1979.7276771179313, -1526.6518605984747, 0.0, -2050.7393958679313, -1813.6518605984747, 0.0, -1915.3194739929313, -1778.1518605984747, 0.0, -1909.8155677429313, -1770.1518605984747, 0.0, -2058.9972083679313, -1812.1518605984747, 0.0, -2152.0304114929313, -1587.6518605984747, 0.0, -2127.8077552429313, -1577.1518605984747, 0.0], "f": [0, 1, 2, 3, 0, 2, 3, 4, 0, 4, 3, 5, 0, 4, 6, 6, 7, 0, 4, 8, 6, 4, 9, 8, 10, 9, 4, 11, 9, 10, 9, 11, 12, 8, 9, 13, 13, 14, 8, 9, 15, 13, 15, 9, 16, 15, 17, 13, 18, 17, 15, 18, 19, 17, 18, 20, 19, 21, 20, 18, 22, 20, 21, 23, 22, 21, 23, 24, 22, 24, 23, 25, 18, 26, 21, 27, 26, 18, 27, 18, 28, 29, 19, 20, 29, 30, 19, 31, 30, 29, 32, 19, 30, 19, 33, 17, 34, 33, 19, 35, 18, 15, 36, 18, 35, 37, 18, 36, 38, 35, 15, 6, 8, 39, 8, 40, 39]}, "centroids": [[-2016.496303094551, -1669.3413697155192, 0.0]]}, "mtl": 0}, {"geom": {"triangles": {"v": [-782.8018958679313, -1556.6518605984747, 0.0, -843.4073646179313, -1678.6518605984747, 0.0, -770.7257239929313, -1561.6518605984747, 0.0, -825.0518958679313, -1689.1518605984747, 0.0, -814.5929114929313, -1697.1518605984747, 0.0, -794.2257239929313, -1712.1518605984747, 0.0, -624.1241614929313, -1618.6518605984747, 0.0, -686.3292396179313, -1790.6518605984747, 0.0, -529.9913489929313, -1650.1518605984747, 0.0, -459.5284583679313, -1872.1518605984747, 0.0, -447.4171302429313, -1669.1518605984747, 0.0, -418.7921302429313, -1669.1518605984747, 0.0, 71.14146350706869, -1948.1518605984747, 0.0, 218.6727135070687, -1709.1518605984747, 0.0, 242.8934166320687, -1993.1518605984747, 0.0, 335.3758385070687, -1720.1518605984747, 0.0, 460.8875572570687, -2021.6518605984747, 0.0, 498.3211510070687, -1773.1518605984747, 0.0, 539.0555260070687, -1961.1518605984747, 0.0, 564.3797447570687, -1901.6518605984747, 0.0, 563.2781822570687, -1919.6518605984747, 0.0, 565.4793541320687, -1938.1518605984747, 0.0, 557.7723228820687, -1955.6518605984747, 0.0, 569.8836510070687, -1858.6518605984747, 0.0, 569.8836510070687, -1841.1518605984747, 0.0, 572.0848228820687, -1829.1518605984747, 0.0, 576.4891197570687, -1810.6518605984747, 0.0, 570.9852135070687, -1882.1518605984747, 0.0, 508.2293541320687, -2009.6518605984747, 0.0], "f": [0, 1, 2, 1, 3, 2, 3, 4, 2, 4, 5, 2, 2, 5, 6, 5, 7, 6, 6, 7, 8, 8, 7, 9, 10, 8, 9, 11, 10, 9, 12, 11, 9, 11, 12, 13, 13, 12, 14, 13, 14, 15, 15, 14, 16, 17, 15, 16, 18, 17, 16, 18, 19, 17, 19, 18, 20, 21, 20, 18, 21, 18, 22, 17, 19, 23, 24, 17, 23, 17, 24, 25, 17, 25, 26, 23, 19, 27, 18, 16, 28]}, "centroids": [[-78.3007761298868, -1804.7316526798531, 0.0]]}, "mtl": 0}, {"geom": {"triangles": {"v": [-1182.5421302429313, -971.1518605984747, 0.0, -1186.6710364929313, -1136.6518605984747, 0.0, -1073.5987708679313, -1061.6518605984747, 0.0, -1101.8956458679313, -959.6518605984747, 0.0, -1173.7354896179313, -934.6518605984747, 0.0, -1136.0265052429313, -905.6518605984747, 0.0, -1167.1300208679313, -911.6518605984747, 0.0, -1114.3350989929313, -911.1518605984747, 0.0, -1054.8819739929313, -1147.6518605984747, 0.0, -1155.8448646179313, -1232.6518605984747, 0.0, -1027.3565833679313, -1217.1518605984747, 0.0, -1071.3956458679313, -1415.1518605984747, 0.0, -978.9132239929313, -1277.6518605984747, 0.0, -935.9757239929313, -1358.1518605984747, 0.0, -905.1495521179313, -1419.1518605984747, 0.0, -1000.9327552429313, -1516.6518605984747, 0.0, -884.7804114929313, -1445.1518605984747, 0.0, -852.3018958679313, -1506.6518605984747, 0.0, -851.2003333679313, -1481.6518605984747, 0.0, -835.7882239929313, -1532.6518605984747, 0.0, -869.3663489929313, -1665.6518605984747, 0.0, -823.1261146179313, -1538.1518605984747, 0.0, -812.1163489929313, -1543.1518605984747, 0.0, -808.2628333679313, -1545.1518605984747, 0.0], "f": [0, 1, 2, 3, 0, 2, 4, 0, 3, 4, 3, 5, 4, 5, 6, 3, 7, 5, 2, 1, 8, 1, 9, 8, 8, 9, 10, 10, 9, 11, 12, 10, 11, 12, 11, 13, 13, 11, 14, 11, 15, 14, 14, 15, 16, 16, 15, 17, 16, 17, 18, 17, 15, 19, 15, 20, 19, 19, 20, 21, 21, 20, 22, 22, 20, 23]}, "centroids": [[-1030.2578919425687, -1301.8612071108073, 0.0]]}, "mtl": 0}, {"geom": {"triangles": {"v": [-1166.0792396179313, -782.1518605984747, 0.0, -1180.9425208679313, -785.1518605984747, 0.0, -1186.4483802429313, -793.6518605984747, 0.0, -1156.7218177429313, -788.6518605984747, 0.0, -1151.4913489929313, -824.1518605984747, 0.0, -1181.4933021179313, -828.6518605984747, 0.0, -1173.2354896179313, -835.1518605984747, 0.0, -1157.8233802429313, -833.6518605984747, 0.0], "f": [0, 1, 2, 3, 0, 2, 3, 2, 4, 4, 2, 5, 4, 5, 6, 4, 6, 7]}, "centroids": [[-1169.015163811786, -808.922798063606, 0.0]]}, "mtl": 0}, {"geom": {"triangles": {"v": [-1148.4640052429313, -788.1518605984747, 0.0, -1141.7218177429313, -779.6518605984747, 0.0, -1148.4640052429313, -787.6518605984747, 0.0, -1127.4073646179313, -777.1518605984747, 0.0, -1117.6378333679313, -783.6518605984747, 0.0, -1112.9581458679313, -818.6518605984747, 0.0, -1143.6475989929313, -822.6518605984747, 0.0, -1120.2511146179313, -827.6518605984747, 0.0, -1134.5636146179313, -829.6518605984747, 0.0], "f": [0, 1, 2, 0, 3, 1, 4, 3, 0, 5, 4, 0, 5, 0, 6, 7, 5, 6, 7, 6, 8]}, "centroids": [[-1130.7079436430868, -803.3573648557067, 0.0]]}, "mtl": 0}, {"geom": {"triangles": {"v": [-1148.2413489929313, -830.6518605984747, 0.0, -1150.3058021179313, -833.6518605984747, 0.0, -1141.1183021179313, -836.1518605984747, 0.0, -1144.3878333679313, -830.1518605984747, 0.0, -1141.3604896179313, -832.6518605984747, 0.0, -1149.8585364929313, -837.1518605984747, 0.0, -1146.8643958679313, -839.6518605984747, 0.0, -1143.1827552429313, -839.1518605984747, 0.0], "f": [0, 1, 2, 2, 3, 0, 4, 3, 2, 1, 5, 2, 6, 2, 5, 6, 7, 2]}, "centroids": [[-1145.6737623791596, -834.8993053147569, 0.0]]}, "mtl": 0}, {"geom": {"triangles": {"v": [-1158.1143958679313, -840.6518605984747, 0.0, -1172.4268958679313, -842.6518605984747, 0.0, -1178.7589271179313, -851.1518605984747, 0.0, -1148.2061927429313, -847.1518605984747, 0.0, -1173.9425208679313, -886.1518605984747, 0.0, -1143.3897864929313, -881.6518605984747, 0.0, -1149.9268958679313, -891.1518605984747, 0.0, -1164.6515052429313, -893.6518605984747, 0.0], "f": [0, 1, 2, 3, 0, 2, 2, 4, 3, 3, 4, 5, 6, 5, 4, 6, 4, 7]}, "centroids": [[-1161.0750380200443, -866.861904441379, 0.0]]},